wl,n
0.667,2.3704320
0.714,2.5658703
0.769,2.8061078
0.833,3.1079186
0.909,3.3065327
1.00,3.3957928
1.05,3.4440424
1.11,3.5179021
1.18,3.6009322
1.25,3.6981480
1.33,3.8097162
1.43,3.9419174
1.54,4.0126191
1.67,4.2746437
1.82,4.4682212
2.00,4.6752372
2.11,4.7311251
2.22,4.7418094
2.35,4.6520327
2.50,4.3647610
2.67,3.8144105
2.86,3.0649496
3.08,2.4004043
3.33,2.3943002
3.64,2.5809283
4.00,2.7313635
4.44,2.8327334
5.00,2.3660792
5.71,2.1867059
6.67,2.4841185
8.00,3.2048691
10.0,4.0715739
11.1,4.5921948
12.5,5.2931800
14.3,6.2397504
16.7,7.5817542
20.0,9.6744916
22.2,11.217047
25.0,13.299690
28.6,16.284041
33.3,20.880752
40.0,27.169229
44.4,31.260311
50.0,36.217641
57.1,42.303853
66.7,49.906684
80.0,59.644857
100,72.530316
125,86.399911
154,100.49717
200,119.99544